Station;Year;Month;Arrivals;Iron;Coal;Steel;Vegetables;Cereals;Wool;Coffee;Cattle;Passengers;Mail;Revenues;Expenses
Stuttgart;2015;1;712;1067,20;76,77;416,56;9,24;30,82;1,07;534,14;200,26;80794;7,32;446,19;676,71
Frankfurt;2015;1;404;1355,85;49,56;524,42;10,61;407,14;1,46;545,87;203,49;319083;1,30;430,96;396,04
Hannover;2015;1;363;1111,25;49,72;348,12;0,43;239,06;0,25;297,00;193,79;159225;15,28;503,12;264,66
Hamburg;2015;1;1368;2536,21;141,80;782,73;9,62;801,89;5,44;641,57;356,80;207077;12,99;1328,13;300,91
Berlin;2015;1;803;5244,78;142,12;1561,94;29,51;318,11;3,34;331,54;1196,09;163112;69,51;2012,37;2013,24
Stuttgart;2015;2;604;298,18;15,18;328,20;4,38;247,16;0,57;428,05;57,82;356830;9,97;338,93;478,83
Frankfurt;2015;2;112;677,91;10,34;70,79;1,29;330,11;1,11;518,18;39,56;95391;6,97;540,02;526,48
Hannover;2015;2;339;368,24;49,61;354,73;6,86;198,03;0,86;334,39;57,65;36401;0,08;270,90;258,64
Hamburg;2015;2;21;1610,49;115,86;457,40;6,18;21,57;1,29;140,24;135,69;513377;4,41;996,13;772,26
Berlin;2015;2;878;7476,43;179,53;1062,81;36,03;2577,00;8,79;812,89;384,94;73379;15,51;2204,59;2840,30
Stuttgart;2015;3;743;858,70;20,18;71,95;9,22;405,63;0,30;99,23;26,80;219625;4,16;245,18;490,19
Frankfurt;2015;3;605;2448,04;60,33;470,28;0,14;465,75;1,24;347,54;71,36;417409;10,87;472,25;296,97
Hannover;2015;3;561;381,47;10,58;214,47;6,53;377,65;0,21;403,03;161,07;184880;12,14;289,66;316,06
Hamburg;2015;3;864;3890,28;75,13;1231,73;41,86;282,49;3,62;563,16;356,68;251952;15,34;1941,30;663,25
Berlin;2015;3;1003;2636,28;38,51;1886,78;47,11;135,39;6,56;2913,20;55,67;58198;3,40;2673,12;2292,50
Stuttgart;2015;4;1130;979,29;10,65;266,85;7,74;163,89;1,18;199,62;75,77;282342;20,19;348,81;673,16
Frankfurt;2015;4;568;2086,87;14,24;169,09;3,55;420,29;1,56;176,26;253,65;187743;4,66;379,73;236,07
Hannover;2015;4;99;800,21;10,95;43,44;0,51;118,76;0,55;160,04;132,45;173372;11,22;357,12;243,73
Hamburg;2015;4;297;6019,22;73,56;141,14;2,56;448,15;0,83;643,29;467,08;563170;52,16;897,43;391,48
Berlin;2015;4;661;7305,40;132,00;2015,82;9,37;839,86;3,34;375,74;799,89;299933;69,73;2398,29;1924,13
Stuttgart;2015;5;440;1172,24;36,37;409,47;5,69;270,37;1,30;396,23;207,10;106431;6,72;506,01;225,41
Frankfurt;2015;5;632;699,46;55,20;185,26;7,44;456,89;1,13;186,98;20,16;246622;3,86;471,60;366,41
Hannover;2015;5;187;186,16;41,18;444,66;2,61;307,19;1,03;94,60;153,13;290072;8,47;277,53;221,18
Hamburg;2015;5;965;4321,03;71,60;640,07;6,44;648,40;4,52;116,52;283,65;21092;9,36;1132,47;310,41
Berlin;2015;5;225;6262,94;412,66;1965,94;39,30;1279,86;2,75;253,86;776,02;121854;44,24;2032,25;1797,39
Stuttgart;2015;6;541;534,84;14,97;103,46;4,62;219,09;0,39;132,68;105,56;455768;4,64;408,58;467,42
Frankfurt;2015;6;124;1466,55;74,71;176,04;5,30;280,59;0,94;651,24;367,22;40653;5,06;681,23;449,02
Hannover;2015;6;469;192,17;39,87;432,71;0,67;196,04;0,74;127,62;22,65;184419;7,58;205,32;208,56
Hamburg;2015;6;378;1818,16;22,13;1219,43;14,03;562,58;0,08;198,96;606,09;10942;10,06;825,36;600,62
Berlin;2015;6;805;6184,66;262,34;502,62;22,97;1514,96;3,70;2632,78;462,19;108863;41,14;2768,65;2663,26
Stuttgart;2015;7;336;314,83;48,84;129,65;8,24;383,45;0,21;200,82;115,95;213105;3,77;438,18;397,49
Frankfurt;2015;7;140;1378,04;50,20;85,27;1,89;355,64;1,40;335,46;284,05;122625;2,66;686,93;443,64
Hannover;2015;7;291;641,15;36,40;139,41;4,93;295,15;0,82;131,36;153,13;126591;0,44;340,55;404,99
Hamburg;2015;7;522;479,39;173,96;604,58;5,76;470,26;3,83;536,09;326,20;12317;21,41;899,73;317,91
Berlin;2015;7;408;6444,55;175,48;1625,45;22,33;661,63;5,05;1286,75;1376,32;252294;5,18;2300,00;1518,21
Stuttgart;2015;8;826;738,65;71,08;172,60;0,68;85,04;0,82;43,90;28,43;439032;8,43;508,22;193,42
Frankfurt;2015;8;594;1186,28;30,14;157,88;1,72;192,71;1,02;317,73;192,44;129427;11,37;407,65;628,11
Hannover;2015;8;43;496,82;14,08;53,77;3,78;98,62;0,49;249,68;98,00;203847;5,17;219,70;447,02
Hamburg;2015;8;508;2047,66;129,96;749,55;13,63;810,62;2,80;1478,37;33,22;217997;40,78;735,54;269,24
Berlin;2015;8;340;7634,29;183,77;2916,00;26,33;900,85;3,43;1632,69;822,11;192309;60,07;2176,13;2210,08
Stuttgart;2015;9;55;530,47;59,71;482,80;3,36;218,44;1,37;479,14;213,09;174540;12,96;199,15;325,48
Frankfurt;2015;9;43;1778,95;20,36;287,08;7,23;39,28;0,42;640,03;200,48;341930;14,14;312,52;552,57
Hannover;2015;9;465;838,09;18,31;281,58;4,27;41,34;0,95;402,78;69,59;139869;0,19;398,83;296,69
Hamburg;2015;9;91;6690,60;54,61;454,23;15,56;1215,27;0,52;1708,63;466,59;147072;34,19;1211,10;340,50
Berlin;2015;9;54;5417,84;53,85;3224,01;50,45;2514,18;3,15;140,43;1504,14;228869;24,60;2655,79;2359,26
Stuttgart;2015;10;544;983,59;60,61;162,45;1,56;447,53;0,50;212,34;186,82;94489;6,81;542,35;350,62
Frankfurt;2015;10;54;1761,30;65,33;277,51;3,37;57,18;0,63;675,87;16,47;373813;11,71;310,48;203,13
Hannover;2015;10;451;1441,33;7,29;192,46;3,86;209,33;0,34;247,39;10,64;130578;12,16;415,32;121,17
Hamburg;2015;10;329;1844,11;182,52;584,15;15,75;108,65;2,34;1662,41;8,29;139878;38,88;1511,39;946,42
Berlin;2015;10;601;7416,79;64,09;1206,71;15,64;2697,18;0,14;2944,38;238,29;245384;21,64;1418,27;2327,08
Stuttgart;2015;11;1500;847,40;39,50;431,62;3,43;134,24;0,41;184,68;163,06;439964;15,00;400,23;490,71
Frankfurt;2015;11;327;1241,60;75,31;659,19;1,46;176,69;1,12;311,90;298,90;241562;9,83;499,06;517,96
Hannover;2015;11;257;1369,02;33,31;418,96;7,47;58,40;0,17;407,05;64,89;78457;10,14;365,53;411,54
Hamburg;2015;11;1638;4787,04;101,91;233,03;27,00;932,87;0,04;322,64;589,13;46641;11,89;1391,72;290,40
Berlin;2015;11;201;8470,91;262,21;2459,49;42,22;2168,67;6,97;1006,60;379,15;129034;85,63;3009,30;1655,63
Stuttgart;2015;12;920;725,54;32,47;420,70;1,37;574,03;1,01;32,24;41,81;204577;0,72;514,85;435,18
Frankfurt;2015;12;191;510,39;42,14;660,17;10,58;94,65;0,73;364,24;79,58;290124;12,08;454,70;505,27
Hannover;2015;12;399;1144,84;22,96;376,31;8,03;234,99;0,80;495,76;120,04;19233;1,05;288,39;473,60
Hamburg;2015;12;548;3110,63;142,33;680,53;17,04;1554,65;4,88;1029,88;625,35;335566;24,94;1188,46;364,31
Berlin;2015;12;893;4961,50;356,81;1176,43;0,08;2479,40;7,19;1971,07;1397,67;143538;11,34;1225,64;2617,56
Stuttgart;2016;1;2186;263,24;26,18;404,37;10,24;116,88;2,10;1259,64;707,40;846460;14,33;1085,52;478,82
Frankfurt;2016;1;874;573,15;56,79;435,41;8,16;152,22;2,80;1610,35;712,29;574893;19,53;938,92;969,05
Hannover;2016;1;863;943,74;33,39;289,08;5,67;139,02;1,55;913,97;542,88;268797;12,34;448,47;420,57
Hamburg;2016;1;2227;1565,88;57,17;730,16;32,95;97,21;9,53;2113,55;1804,49;593935;71,72;2339,21;936,88
Berlin;2016;1;1272;4343,06;324,45;1676,67;9,48;74,01;15,17;6745,88;2508,72;427650;110,71;3584,93;3207,93
Stuttgart;2016;2;2146;999,83;91,10;493,24;8,74;87,23;1,99;728,61;515,34;796960;17,20;1125,81;1017,51
Frankfurt;2016;2;1040;2984,59;109,59;1087,30;4,39;242,37;2,85;1630,45;563,84;674670;32,43;1628,76;815,12
Hannover;2016;2;722;2164,56;94,17;748,31;8,26;19,31;2,45;1281,80;412,50;405642;16,40;844,08;831,60
Hamburg;2016;2;2261;3561,52;328,28;2291,82;3,38;1868,13;8,76;2000,03;1194,77;1048540;36,98;2869,19;1483,68
Berlin;2016;2;1303;13050,00;567,76;3964,65;18,49;840,27;12,83;4692,74;2301,80;542653;134,76;5506,54;4979,84
Stuttgart;2016;3;1585;2356,21;121,40;520,30;2,78;453,01;2,56;1221,02;419,65;465465;21,75;1234,62;952,93
Frankfurt;2016;3;564;3417,22;92,87;631,70;14,52;427,16;2,34;1369,99;663,66;557780;14,34;1080,60;1225,40
Hannover;2016;3;802;1082,43;77,03;821,63;6,25;215,86;1,39;1373,71;606,56;450096;10,83;1039,28;925,46
Hamburg;2016;3;1673;6551,44;320,75;2704,81;8,79;481,22;10,08;2432,07;1323,29;732872;74,55;3956,96;703,38
Berlin;2016;3;2142;9144,92;460,73;2930,76;18,54;449,08;11,86;5337,41;2465,76;293539;82,38;5563,89;5717,28
Stuttgart;2016;4;1910;2636,53;93,74;933,08;7,15;384,29;3,06;1253,64;543,63;806890;25,71;1425,62;1280,77
Frankfurt;2016;4;995;2230,59;143,76;725,57;12,56;112,77;3,09;1509,65;354,82;808206;12,88;1100,94;1437,54
Hannover;2016;4;821;2567,56;72,51;523,01;1,92;332,51;2,68;928,08;540,56;486870;11,46;976,20;673,18
Hamburg;2016;4;2198;5653,57;278,54;1185,43;13,27;155,48;7,18;2456,90;1366,60;1170297;29,52;3148,99;2340,70
Berlin;2016;4;1007;13907,76;529,62;3937,33;35,04;1387,84;11,90;4165,31;2662,69;337773;141,16;5548,20;3826,20
Stuttgart;2016;5;1941;2283,31;71,98;900,65;3,39;204,83;2,00;727,85;463,28;427949;18,43;1491,70;1291,47
Frankfurt;2016;5;795;3424,79;138,43;809,21;4,67;445,15;4,12;1454,92;362,49;328246;23,85;1269,70;1554,96
Hannover;2016;5;1127;2193,85;85,00;423,87;3,89;59,28;2,77;476,83;381,97;333777;8,53;924,55;910,77
Hamburg;2016;5;1433;4136,26;217,89;1921,52;26,06;173,81;9,28;2825,77;1457,55;768748;21,90;2417,51;1670,97
Berlin;2016;5;994;16835,90;569,20;3528,00;52,80;687,39;11,98;5526,82;2215,51;587395;62,51;5361,56;5627,47
Stuttgart;2016;6;2712;2077,12;87,13;814,87;1,24;319,69;3,00;1265,01;374,15;479644;20,12;1104,65;1201,20
Frankfurt;2016;6;595;3286,56;163,54;582,08;2,89;608,73;4,14;1320,19;485,73;602907;21,04;1422,25;1970,64
Hannover;2016;6;785;1826,15;66,91;484,97;7,57;323,47;2,49;1085,31;375,09;290042;10,85;950,12;918,48
Hamburg;2016;6;2478;5815,78;356,65;1603,39;20,12;1142,63;6,35;2073,25;1520,08;827475;29,55;2858,06;1750,74
Berlin;2016;6;1001;11360,21;556,60;3313,94;20,22;2311,39;17,07;8396,67;2629,73;333064;91,75;5438,86;4716,97
Stuttgart;2016;7;1971;3020,85;89,94;633,21;1,90;5,90;2,24;1163,18;387,24;625132;15,92;1097,99;758,08
Frankfurt;2016;7;598;3041,68;138,73;1009,69;1,92;130,56;3,05;603,28;708,31;539215;17,51;1097,39;1093,73
Hannover;2016;7;1288;1378,01;79,64;617,99;1,14;251,76;1,68;1137,45;525,56;350182;11,66;939,01;956,11
Hamburg;2016;7;1806;5604,27;391,53;1416,46;21,86;228,06;10,89;2880,54;1649,78;490746;40,16;2696,59;1730,42
Berlin;2016;7;1785;11551,52;441,09;4284,56;39,45;585,71;20,82;7606,12;3130,27;345142;124,95;5554,65;6356,47
Stuttgart;2016;8;2379;2161,65;82,29;803,18;8,17;211,70;3,20;1032,39;470,97;585137;23,59;1153,90;821,43
Frankfurt;2016;8;857;3866,31;87,64;742,23;10,36;330,74;4,33;1397,65;542,74;560478;21,00;1202,36;791,16
Hannover;2016;8;893;2285,50;104,73;785,46;6,91;311,63;2,63;763,34;589,80;376748;8,01;902,34;913,04
Hamburg;2016;8;2199;5465,69;241,38;1247,26;22,64;439,69;6,55;4669,69;1242,80;521122;58,79;2911,60;1344,75
Berlin;2016;8;1574;18193,78;601,40;3344,76;37,65;2024,74;16,12;6412,95;2369,92;306516;158,84;6146,13;5457,81
Stuttgart;2016;9;2339;2241,49;122,77;577,68;6,59;425,63;2,09;1317,06;618,14;517581;11,10;1123,59;1201,38
Frankfurt;2016;9;761;4375,96;113,12;575,52;10,18;628,18;3,54;1721,03;554,03;325063;24,84;1554,70;1306,21
Hannover;2016;9;891;2439,70;113,59;539,16;3,16;288,06;1,83;917,79;544,36;324813;11,14;774,27;765,11
Hamburg;2016;9;2342;4385,96;345,21;1127,70;24,37;1289,24;5,97;2858,72;1309,50;813574;74,43;3959,25;1407,22
Berlin;2016;9;1880;12310,87;629,22;3436,04;30,47;766,97;13,74;5694,43;2729,15;552902;139,77;6605,39;4813,01
Stuttgart;2016;10;1884;1479,90;90,36;789,06;0,06;138,50;2,48;871,96;411,84;751231;11,56;1421,46;732,34
Frankfurt;2016;10;1111;3379,42;94,93;421,96;0,78;34,69;2,56;1269,57;345,18;446395;33,29;1292,63;1146,97
Hannover;2016;10;1181;1202,76;82,64;465,46;0,85;141,03;2,07;792,61;637,26;252212;14,84;781,04;876,24
Hamburg;2016;10;2271;5376,13;355,10;1811,34;0,47;634,71;10,15;3357,73;1235,41;923100;19,90;3288,55;1088,90
Berlin;2016;10;1765;19148,87;593,04;3909,42;1,73;2246,90;11,92;6904,58;3724,97;471622;93,04;6838,53;5106,67
Stuttgart;2016;11;2394;2754,67;86,20;763,59;2,92;116,92;3,39;1156,19;589,31;446617;10,30;1091,36;699,87
Frankfurt;2016;11;1311;2782,65;190,02;820,65;9,93;503,50;3,65;1168,53;710,92;705460;30,12;1317,90;904,18
Hannover;2016;11;1094;2915,04;84,66;487,29;0,72;42,22;3,25;1115,56;354,33;345926;16,97;1029,43;692,09
Hamburg;2016;11;3341;8290,59;120,86;2588,10;3,84;431,06;5,76;4107,58;1458,81;961005;17,48;3057,83;2315,97
Berlin;2016;11;1157;11083,91;845,30;5034,56;36,96;1986,30;17,26;8927,64;2978,11;367044;111,32;5512,96;4100,01
Stuttgart;2016;12;1485;2197,11;78,14;593,22;10,10;48,40;2,53;980,55;352,95;755829;19,62;1022,76;941,05
Frankfurt;2016;12;652;2476,92;95,96;972,91;9,60;394,88;3,20;1862,21;776,40;638466;10,55;1300,19;1339,98
Hannover;2016;12;590;1806,83;79,88;529,20;7,98;426,93;2,34;908,39;481,04;558101;9,76;933,04;847,31
Hamburg;2016;12;1796;7271,25;293,99;2643,50;10,51;548,09;7,28;3964,08;1500,17;911170;37,38;1963,51;999,65
Berlin;2016;12;1928;15034,82;427,20;4239,09;34,66;38,34;16,73;6033,87;3322,19;379711;73,82;7121,70;5698,90
Stuttgart;2017;1;519;987,43;2,54;79,45;9,40;435,71;1,59;926,65;292,20;7332;13,12;467,61;424,50
Frankfurt;2017;1;192;727,21;49,07;236,75;12,31;77,58;2,32;1345,82;587,57;289347;38,22;611,13;524,31
Hannover;2017;1;502;414,24;22,01;269,22;6,93;16,72;2,57;739,22;327,64;169423;23,31;387,52;654,26
Hamburg;2017;1;1791;2264,27;123,01;133,24;33,45;574,85;6,98;1387,57;903,34;21199;79,43;1579,35;475,27
Berlin;2017;1;446;2229,88;68,75;56,65;50,34;773,60;16,56;3178,46;1309,31;438;133,09;3025,74;1832,47
Stuttgart;2017;2;372;1435,71;12,94;279,87;1,62;149,52;2,38;630,69;412,82;319564;17,15;512,20;532,62
Frankfurt;2017;2;569;239,55;57,04;483,84;4,90;320,46;2,14;1256,44;581,51;287629;28,80;502,46;723,16
Hannover;2017;2;366;496,34;24,14;257,69;5,51;81,06;1,42;1107,07;297,91;250260;13,96;471,89;368,18
Hamburg;2017;2;1209;1270,32;76,61;35,01;25,79;32,92;3,46;4024,88;816,56;59767;80,85;1794,87;836,88
Berlin;2017;2;324;1734,55;9,63;2290,59;26,26;1054,66;14,56;4205,59;1812,57;169447;81,70;3056,71;3467,98
Stuttgart;2017;3;228;957,25;8,71;154,47;4,84;206,29;1,76;1278,31;363,21;18267;17,42;730,95;537,42
Frankfurt;2017;3;102;674,53;24,24;351,16;11,70;185,45;1,70;1092,05;366,12;186596;22,90;700,82;374,88
Hannover;2017;3;134;137,83;53,94;212,89;8,63;317,60;1,33;936,87;398,78;148456;25,20;564,96;400,23
Hamburg;2017;3;182;1086,68;53,07;419,20;14,75;1747,64;5,10;3848,07;978,96;61273;45,61;2073,04;765,33
Berlin;2017;3;588;9136,21;369,92;437,60;52,79;48,75;12,42;6521,50;1790,20;37047;118,42;2767,29;2292,36
Stuttgart;2017;4;555;147,06;23,03;149,05;2,92;0,69;1,35;874,15;436,05;140326;16,78;557,96;380,95
Frankfurt;2017;4;141;1795,71;33,37;447,59;11,39;324,05;3,30;585,36;307,11;252354;21,28;573,77;662,92
Hannover;2017;4;233;922,84;53,06;54,90;7,46;206,21;1,63;1010,53;222,50;95678;17,41;350,58;402,75
Hamburg;2017;4;1502;2571,94;89,80;761,02;11,35;1389,42;8,75;2034,51;1046,59;2210;77,96;1132,54;794,59
Berlin;2017;4;466;5918,41;70,78;2005,72;8,90;1958,38;11,52;4130,08;2451,61;49369;128,95;2573,71;3469,02
Stuttgart;2017;5;64;890,82;7,86;63,38;6,45;516,70;1,56;1144,93;297,65;328748;28,81;339,61;769,83
Frankfurt;2017;5;303;457,80;17,28;417,88;2,74;340,07;2,55;854,59;524,52;258939;26,91;802,36;433,14
Hannover;2017;5;251;156,80;26,00;51,85;0,47;160,23;2,21;686,17;496,14;156177;13,44;686,14;492,08
Hamburg;2017;5;797;786,87;104,73;398,08;23,90;577,11;6,71;2203,71;809,83;253521;52,55;1641,22;825,06
Berlin;2017;5;18;6253,72;45,33;1799,38;33,29;198,12;15,88;6511,96;2486,05;47123;162,41;3014,53;1765,58
Stuttgart;2017;6;46;1083,55;50,40;249,75;4,22;11,80;1,73;703,75;253,98;188546;11,88;366,16;267,53
Frankfurt;2017;6;283;871,42;21,42;232,10;0,46;271,78;1,92;1420,05;230,76;199503;27,14;680,02;599,34
Hannover;2017;6;358;57,24;1,33;152,55;3,26;175,06;2,39;340,53;238,14;4564;11,85;369,38;388,71
Hamburg;2017;6;1103;2620,95;60,63;738,91;13,95;620,33;10,37;1664,37;1137,25;61528;44,67;1428,10;752,23
Berlin;2017;6;193;4164,61;137,64;2410,23;17,25;307,54;12,61;3924,39;1914,76;35083;85,82;2071,17;2617,37
Stuttgart;2017;7;412;1880,66;15,32;89,98;2,30;451,74;1,44;825,99;376,88;61813;22,58;593,21;228,15
Frankfurt;2017;7;79;1358,84;55,51;378,49;12,18;117,78;1,99;667,37;726,14;288030;24,32;939,62;519,67
Hannover;2017;7;221;318,77;12,01;365,35;5,05;282,25;0,95;984,01;383,83;257895;17,15;390,35;441,83
Hamburg;2017;7;186;3877,42;192,23;760,35;5,27;691,18;4,51;2304,02;735,17;81468;55,52;2228,66;698,22
Berlin;2017;7;382;7714,83;238,71;166,26;47,60;2359,15;10,69;4772,98;1614,16;180722;128,04;2822,16;2224,98
Stuttgart;2017;8;921;483,26;35,52;61,84;10,14;37,21;2,31;1058,16;503,89;392632;24,37;679,01;606,08
Frankfurt;2017;8;395;1906,81;39,01;209,85;3,67;10,15;1,55;1149,31;322,16;86179;32,94;535,15;1079,47
Hannover;2017;8;400;401,23;35,06;129,68;4,98;315,47;1,22;721,89;423,81;198843;16,14;715,08;524,30
Hamburg;2017;8;1452;3281,55;46,94;403,35;9,26;977,36;9,47;3164,42;1031,94;168010;83,44;1495,26;1254,19
Berlin;2017;8;596;4192,37;19,96;1282,55;7,21;2003,70;9,25;5174,71;1803,82;89140;151,59;4948,32;2588,52
Stuttgart;2017;9;224;496,82;22,99;109,38;9,43;235,69;1,51;1016,97;481,01;74357;23,94;638,29;606,87
Frankfurt;2017;9;178;236,41;51,25;122,41;11,95;49,72;2,87;889,69;350,99;198673;22,59;770,11;796,52
Hannover;2017;9;294;1011,72;18,84;179,71;0,36;101,04;1,87;883,71;282,47;1377;12,07;397,61;384,49
Hamburg;2017;9;1673;4292,38;186,83;913,57;2,72;1009,32;7,35;2270,77;1082,84;336436;89,98;909,76;982,46
Berlin;2017;9;37;5027,51;151,53;924,73;18,01;810,29;10,29;3745,99;1498,85;53177;142,62;2105,38;2621,45
Stuttgart;2017;10;459;773,47;22,67;198,91;5,49;131,05;2,86;1014,92;321,07;398079;22,36;501,66;385,50
Frankfurt;2017;10;588;2059,02;42,72;336,27;7,98;110,35;3,14;694,90;378,74;186452;24,98;769,32;583,87
Hannover;2017;10;142;493,26;4,35;233,13;1,62;331,02;2,28;933,71;273,78;150229;15,66;359,36;290,11
Hamburg;2017;10;824;800,52;15,30;1207,89;16,53;492,83;3,65;3061,69;1438,91;444136;38,27;1383,83;818,60
Berlin;2017;10;111;6411,91;337,59;992,12;35,46;353,47;11,80;3847,39;2009,70;45254;154,53;1774,53;2502,73
Stuttgart;2017;11;935;1256,23;21,09;449,25;4,81;93,44;2,56;523,99;299,48;269195;29,47;537,66;547,41
Frankfurt;2017;11;59;1798,17;43,78;96,87;4,04;351,35;2,47;927,36;752,85;215863;30,28;667,91;598,29
Hannover;2017;11;464;86,87;52,53;282,92;5,06;106,79;1,16;885,94;281,44;206670;13,21;330,62;455,18
Hamburg;2017;11;1038;2324,82;127,27;881,62;23,17;1068,48;2,92;2034,24;1045,86;484313;58,96;1176,64;573,88
Berlin;2017;11;193;394,66;211,94;938,58;0,71;48,84;11,02;6371,35;1289,47;224951;128,21;3070,05;3532,08
Stuttgart;2017;12;401;637,61;56,45;149,90;9,31;160,88;2,60;1117,59;482,56;430828;14,33;672,88;464,64
Frankfurt;2017;12;406;1156,96;24,09;7,56;10,99;395,48;2,08;1608,61;714,41;114576;29,59;608,30;544,38
Hannover;2017;12;520;227,04;27,50;15,01;6,56;77,54;2,09;1211,32;68,94;242449;21,12;346,85;328,88
Hamburg;2017;12;1731;2139,33;28,18;683,66;24,02;1117,31;4,58;3551,95;809,96;137470;39,63;863,06;599,97
Berlin;2017;12;667;6192,66;49,26;1688,34;9,56;1235,48;10,33;6963,24;1991,97;82196;164,43;2208,91;2733,45
Stuttgart;2018;1;3159;1135,58;53,95;570,86;103,98;956,93;1,37;499,60;389,28;1009867;29,73;750,46;977,69
Frankfurt;2018;1;689;1438,01;86,91;678,00;96,18;1235,09;1,52;752,61;530,53;557620;18,62;925,69;1345,81
Hannover;2018;1;1345;1279,53;70,35;581,09;74,63;964,37;2,01;337,53;341,02;382553;14,09;782,63;854,93
Hamburg;2018;1;1571;4153,71;192,38;1670,32;179,57;3319,08;3,43;1837,88;574,07;841977;89,83;2557,11;985,89
Berlin;2018;1;1314;5372,31;348,88;3102,44;342,76;4785,30;10,39;4655,31;1976,38;394852;101,04;6804,46;5360,00
Stuttgart;2018;2;2887;2598,79;94,83;819,07;114,98;762,74;1,76;1215,86;346,79;1085081;16,95;967,85;1328,05
Frankfurt;2018;2;730;2989,21;145,53;1055,56;63,53;1120,17;2,21;1074,69;208,07;475706;21,19;1601,57;1677,64
Hannover;2018;2;937;2315,80;107,02;835,82;53,21;667,90;1,49;442,41;404,31;394500;22,29;1109,96;1104,52
Hamburg;2018;2;2999;7285,01;314,24;2144,17;99,49;2088,58;4,37;1998,74;1182,99;593993;40,42;3372,11;1666,52
Berlin;2018;2;1141;20741,43;762,37;5182,27;378,10;5923,85;7,15;5358,67;927,26;284823;107,25;5549,33;8278,08
Stuttgart;2018;3;3433;3600,41;128,25;847,32;96,43;903,53;2,05;558,39;354,66;1147993;25,05;1648,09;999,79
Frankfurt;2018;3;710;4136,33;153,34;823,17;54,52;1135,05;1,27;707,06;420,20;386005;28,27;2005,21;1288,83
Hannover;2018;3;606;2448,90;120,31;679,08;80,83;751,80;1,37;579,28;143,85;376950;23,37;952,25;880,70
Hamburg;2018;3;3448;8326,87;429,57;3438,53;168,74;3220,89;3,82;1877,88;678,69;530156;80,05;3509,97;2155,65
Berlin;2018;3;985;12806,44;569,11;6262,83;501,63;4195,29;4,96;1927,03;1122,94;339187;111,45;8686,78;5927,62
Stuttgart;2018;4;3129;3342,53;132,95;1128,69;84,43;1012,62;1,60;394,85;286,27;714873;27,87;1443,36;1484,85
Frankfurt;2018;4;561;3004,39;176,02;775,19;84,33;876,82;1,41;422,24;223,45;457415;39,29;1596,79;1257,05
Hannover;2018;4;615;2948,41;103,66;652,93;62,41;757,00;1,84;380,12;311,45;351032;15,78;1284,39;1295,98
Hamburg;2018;4;2294;6329,86;250,02;2682,62;278,78;3144,85;3,05;2076,52;850,35;755701;36,64;4434,81;2328,18
Berlin;2018;4;1847;21037,65;851,23;4547,45;496,64;6020,77;5,65;3688,03;1787,59;345139;182,43;6580,69;7259,79
Stuttgart;2018;5;2771;1719,48;93,17;892,74;85,02;816,55;1,64;787,56;268,82;861956;16,02;1130,19;1262,88
Frankfurt;2018;5;1381;4153,16;213,89;1007,14;106,67;1201,06;2,45;1184,29;380,36;348381;26,00;2025,45;1344,22
Hannover;2018;5;1119;1881,45;91,22;721,25;59,80;562,30;1,21;256,90;325,53;370493;12,37;946,62;1038,16
Hamburg;2018;5;2216;6092,16;453,85;1656,09;253,49;2736,61;7,26;1589,85;860,46;584305;73,60;5403,58;1884,83
Berlin;2018;5;1041;16688,22;606,10;6798,57;318,45;5077,07;11,65;3042,17;2015,30;269105;138,94;6690,32;6097,10
Stuttgart;2018;6;3930;2346,59;104,29;664,37;132,24;907,04;1,49;591,20;236,99;1038897;22,77;1513,24;1310,58
Frankfurt;2018;6;772;3636,13;177,37;1039,16;76,29;944,74;2,95;641,56;385,58;357225;20,74;1453,04;1070,15
Hannover;2018;6;866;2155,35;82,51;718,45;84,81;1162,55;1,00;754,01;434,70;266339;11,58;1268,49;1054,81
Hamburg;2018;6;1438;7484,39;510,64;3766,98;130,47;2621,71;6,60;2281,19;623,14;677233;84,61;4017,80;1677,54
Berlin;2018;6;789;14361,98;633,37;4417,30;529,23;6182,85;8,36;4008,21;1194,00;488988;116,50;8595,16;6973,78
Stuttgart;2018;7;2838;4942,71;113,09;625,56;83,03;1176,09;1,94;517,26;429,51;756963;22,18;1658,06;1739,33
Frankfurt;2018;7;796;4132,94;115,64;929,59;86,89;1009,45;1,47;486,78;721,87;301251;24,72;1553,05;1051,24
Hannover;2018;7;884;3102,47;94,69;606,55;69,75;627,58;0,51;566,45;230,19;423961;12,70;990,25;1085,83
Hamburg;2018;7;2145;6251,45;300,50;2468,08;200,16;2413,22;4,72;834,78;1057,40;498137;40,06;4120,74;2307,96
Berlin;2018;7;1248;10518,03;624,00;4030,76;354,11;5166,92;8,84;3271,75;1089,40;294208;75,47;7615,66;8415,13
Stuttgart;2018;8;3132;3525,96;112,79;974,60;91,50;967,61;1,24;745,48;354,64;971276;25,79;1315,24;992,51
Frankfurt;2018;8;678;4260,60;178,23;779,15;55,25;1210,52;1,87;738,79;479,49;279480;26,78;1726,87;1280,09
Hannover;2018;8;664;2011,77;144,50;842,42;68,73;1126,34;1,48;189,07;380,06;311489;23,40;1162,87;1021,76
Hamburg;2018;8;3066;10277,35;350,53;1935,03;177,82;2947,52;4,62;3071,46;878,51;550125;34,68;4441,17;1455,96
Berlin;2018;8;1006;16645,81;632,87;4200,39;347,56;6520,95;5,03;4176,42;1286,91;420142;86,64;7210,31;5903,76
Stuttgart;2018;9;3397;2994,19;138,52;1074,55;73,66;860,23;1,26;616,70;349,83;1059610;10,57;1381,46;1429,22
Frankfurt;2018;9;684;3044,24;160,42;994,85;82,95;851,33;1,73;649,33;243,29;358206;18,78;1459,95;1982,80
Hannover;2018;9;823;2335,04;99,22;744,27;86,36;893,80;1,06;291,96;198,27;367304;12,34;1196,17;1080,98
Hamburg;2018;9;2798;8932,50;344,21;3090,37;239,28;3584,00;6,49;1785,72;902,04;697004;54,83;3738,54;935,74
Berlin;2018;9;1719;15804,46;726,78;6112,90;357,23;5246,00;5,96;4382,08;2003,59;281607;138,22;8209,57;7491,50
Stuttgart;2018;10;3153;3958,32;150,02;655,72;81,00;1076,11;2,12;442,10;206,14;648915;22,62;1352,99;1692,40
Frankfurt;2018;10;758;2809,56;113,95;794,10;103,89;1257,03;2,45;939,45;634,09;600393;21,63;1769,87;1372,26
Hannover;2018;10;640;2561,44;98,17;794,83;75,10;727,61;0,45;413,68;214,73;227205;16,59;1581,33;1156,81
Hamburg;2018;10;3167;8989,11;226,53;2737,03;236,67;3988,97;3,71;2000,50;464,15;629314;76,93;3648,71;2362,03
Berlin;2018;10;1802;15812,58;691,22;5161,32;340,61;7774,37;6,27;3035,17;1171,58;427621;99,62;7547,06;9269,25
Stuttgart;2018;11;2828;2226,96;131,50;1214,43;88,40;1122,02;1,31;834,40;265,83;1138051;11,31;1082,55;1244,47
Frankfurt;2018;11;1175;4771,75;164,32;1513,88;110,67;1132,72;2,82;575,30;477,84;418925;22,26;1867,26;2411,01
Hannover;2018;11;1071;3545,94;93,60;669,48;52,57;793,12;1,16;680,45;246,37;373131;15,60;870,34;1234,72
Hamburg;2018;11;2022;8017,15;328,01;3223,00;106,20;1957,72;4,20;1273,68;866,15;448405;67,73;4919,85;3382,99
Berlin;2018;11;1044;16808,00;741,44;4819,31;355,78;4418,28;10,26;3642,21;1407,62;420169;86,25;7852,35;7366,44
Stuttgart;2018;12;3798;3356,72;125,40;926,27;75,79;1152,30;2,10;541,43;365,58;762764;21,02;1577,97;1068,50
Frankfurt;2018;12;617;3480,80;179,28;547,11;93,93;804,45;1,65;991,73;292,24;432476;33,47;1421,52;1689,53
Hannover;2018;12;1073;2695,90;79,59;593,58;46,90;955,55;0,67;659,05;324,40;505875;12,28;889,25;1328,91
Hamburg;2018;12;2100;6848,87;327,56;3616,96;191,40;2694,68;5,86;974,68;975,89;793992;88,62;3482,83;2209,84
Berlin;2018;12;1500;16092,72;678,85;6028,23;268,32;5825,38;10,47;3242,51;2289,19;474808;100,09;8057,98;6852,05
Stuttgart;2019;1;1939;3335,95;66,43;832,17;130,69;794,66;1,32;841,63;401,98;803809;24,59;1189,43;961,32
Frankfurt;2019;1;890;2831,35;141,38;605,86;56,40;907,57;1,25;414,05;486,68;560102;23,02;1749,99;1384,37
Hannover;2019;1;885;1869,77;69,64;701,57;48,70;738,11;1,11;494,46;172,65;579637;10,94;1170,21;1044,05
Hamburg;2019;1;2907;7593,68;368,48;799,13;229,53;1209,02;8,28;2134,41;581,36;897917;35,48;3362,14;2124,81
Berlin;2019;1;2771;11646,00;800,21;4137,09;282,28;5083,33;9,28;2809,64;1547,47;607353;134,74;5357,43;5779,68
Stuttgart;2019;2;2376;3479,19;92,90;875,51;73,84;694,50;2,04;986,24;221,39;706228;14,05;920,24;1216,59
Frankfurt;2019;2;1642;2624,26;166,68;1136,90;91,30;798,92;1,31;611,70;416,31;701973;23,93;1535,03;1139,60
Hannover;2019;2;1155;1384,86;87,91;426,10;81,00;751,75;0,65;594,51;172,89;614846;17,40;1079,89;1108,61
Hamburg;2019;2;2595;10211,97;350,94;2369,31;268,13;1042,17;3,24;2577,95;1179,98;576775;47,07;2779,07;1820,70
Berlin;2019;2;2704;17485,03;409,79;5294,73;745,62;2687,41;13,52;4794,03;1984,99;416248;128,79;6856,01;6988,81
Stuttgart;2019;3;2357;3134,82;119,17;869,05;139,83;681,92;1,02;753,97;239,58;689114;16,66;1394,85;1660,78
Frankfurt;2019;3;678;3362,09;119,11;1671,95;125,03;849,62;1,43;697,56;184,50;725642;18,06;1309,71;1455,10
Hannover;2019;3;995;2044,60;49,89;657,31;89,63;546,71;1,39;622,69;291,44;619280;9,90;1047,68;791,25
Hamburg;2019;3;3672;8508,11;337,15;2298,46;166,55;2471,44;3,65;1759,13;844,07;727406;40,07;2799,15;1753,78
Berlin;2019;3;2267;22021,01;477,30;4671,38;645,52;3696,44;10,75;4687,87;2326,58;556564;118,92;6608,61;6323,23
Stuttgart;2019;4;2353;2085,10;118,64;636,78;116,66;722,53;1,12;424,70;191,22;817369;16,24;1187,78;902,30
Frankfurt;2019;4;783;3247,72;104,11;1174,95;110,24;823,56;1,51;679,21;366,33;722978;29,10;1512,19;1011,53
Hannover;2019;4;1182;2435,47;78,20;665,99;100,21;792,09;1,46;830,23;396,67;429007;19,37;1001,27;844,02
Hamburg;2019;4;2229;6462,04;331,41;2687,16;144,12;1978,40;3,32;2335,35;833,89;704112;77,44;3053,25;1776,72
Berlin;2019;4;2397;15005,62;658,23;3675,66;629,84;5669,28;6,51;4039,45;2163,89;677856;168,20;5812,27;6161,46
Stuttgart;2019;5;1515;2322,22;72,28;588,02;99,48;823,64;1,81;361,89;368,91;695256;20,19;1309,42;1647,64
Frankfurt;2019;5;883;3345,26;133,18;634,71;132,67;832,90;2,27;1129,40;365,12;529261;13,22;1211,54;1872,96
Hannover;2019;5;1033;2554,00;115,40;813,37;81,41;815,73;1,19;420,16;194,11;617000;26,34;952,10;764,38
Hamburg;2019;5;2775;5954,30;338,64;1379,52;314,11;2089,40;2,52;2285,46;535,87;912227;101,73;2946,30;1395,88
Berlin;2019;5;1926;19233,59;682,64;5813,15;777,95;3369,13;8,91;3719,31;1818,46;669416;133,97;5907,15;6527,17
Stuttgart;2019;6;2545;1439,44;61,43;949,11;83,13;918,94;1,45;790,05;201,28;998747;18,50;1401,97;1203,04
Frankfurt;2019;6;885;4371,48;189,88;1033,17;135,64;707,35;1,88;1164,85;381,10;571249;18,40;1982,55;1394,30
Hannover;2019;6;1057;2351,37;56,55;535,29;82,66;823,73;1,33;808,64;278,17;353195;24,27;963,01;847,55
Hamburg;2019;6;2771;9620,20;197,63;1471,34;449,42;3038,99;5,75;2547,57;867,03;943441;58,35;2463,64;1890,03
Berlin;2019;6;3632;17808,48;833,56;4023,40;592,19;5405,97;8,18;4684,48;1480,94;308040;119,12;7103,64;4648,73
Stuttgart;2019;7;2069;1948,04;70,31;1132,94;103,56;888,82;2,08;416,48;336,81;712107;16,34;1237,24;1189,57
Frankfurt;2019;7;1379;3447,27;114,20;1068,48;138,74;680,57;2,17;779,25;446,43;799000;26,55;1400,14;1456,05
Hannover;2019;7;1076;1799,64;131,85;861,96;74,58;541,67;1,75;551,09;326,90;385779;17,75;1125,04;841,35
Hamburg;2019;7;2697;6773,43;432,00;2029,82;288,71;1691,04;4,09;1732,98;479,82;863509;64,48;2979,03;1468,02
Berlin;2019;7;2691;12410,30;449,16;5359,11;431,89;5340,72;7,69;5927,67;1116,67;552666;140,03;5912,01;5497,07
Stuttgart;2019;8;2544;3178,11;120,90;723,72;90,31;597,70;0,98;934,24;292,66;542778;18,86;1049,23;996,74
Frankfurt;2019;8;1593;3075,78;164,69;596,32;118,45;510,24;1,36;439,96;231,98;803161;39,09;1292,06;1010,25
Hannover;2019;8;643;1810,78;120,05;473,58;67,16;539,76;0,68;378,54;128,65;390213;21,50;1032,74;845,12
Hamburg;2019;8;3290;9145,58;223,05;2262,74;124,53;2685,53;5,01;1693,91;1011,23;1005724;66,87;4078,45;1830,99
Berlin;2019;8;2540;18915,15;733,00;4893,10;679,79;4786,51;13,36;4803,01;1710,98;525505;73,86;4952,89;6787,73
Stuttgart;2019;9;2546;1985,59;125,93;781,69;117,27;618,38;1,92;847,84;324,63;617954;15,08;1163,57;1223,35
Frankfurt;2019;9;891;2143,60;116,79;1801,51;133,95;1045,73;2,05;477,63;344,64;654503;40,46;1527,84;1644,99
Hannover;2019;9;1192;2457,71;91,65;807,00;85,79;705,89;1,29;688,77;187,09;606070;13,31;1074,70;812,22
Hamburg;2019;9;3713;8723,77;428,82;2985,62;246,40;993,51;2,18;3112,79;925,84;1030590;55,56;3981,81;1991,85
Berlin;2019;9;2272;16786,85;525,12;3459,40;573,21;4129,51;9,90;3369,27;1713,37;533480;74,92;6769,43;7343,85
Stuttgart;2019;10;1936;1660,30;132,69;919,91;86,81;625,58;1,00;937,44;200,32;688403;16,54;1413,20;978,68
Frankfurt;2019;10;885;2223,39;124,33;829,38;97,16;1121,38;2,25;1227,16;249,40;653391;22,23;1187,23;1375,13
Hannover;2019;10;926;1596,34;86,20;717,19;87,38;462,97;0,98;510,49;292,91;471650;19,06;927,81;766,21
Hamburg;2019;10;3465;9322,90;233,09;2266,23;175,72;2028,16;3,28;2276,12;621,36;768374;58,78;3483,93;1240,79
Berlin;2019;10;2430;13553,09;535,89;3703,68;485,60;4987,70;8,20;4369,61;2291,34;544241;110,12;7884,76;6636,19
Stuttgart;2019;11;2103;1311,88;81,61;597,03;71,21;815,91;1,14;745,10;266,20;811311;24,50;1264,42;1155,39
Frankfurt;2019;11;1050;3198,44;117,11;899,49;125,29;1004,69;2,18;595,94;302,76;701566;32,63;1426,88;1844,91
Hannover;2019;11;1475;2176,15;105,07;756,46;66,80;661,06;0,78;548,63;179,51;465365;17,69;740,12;849,38
Hamburg;2019;11;3077;4983,70;453,03;1799,43;239,85;1441,06;3,58;1657,90;947,84;855433;38,95;3734,06;1892,46
Berlin;2019;11;2801;14535,99;623,55;5699,34;480,97;4515,32;9,90;2430,53;1035,89;589387;129,67;5840,37;5716,11
Stuttgart;2019;12;2082;2674,58;87,86;812,05;98,94;769,66;0,83;647,59;190,59;748748;18,88;1513,30;1648,75
Frankfurt;2019;12;1013;3099,78;78,23;758,28;106,02;684,78;1,88;874,67;282,03;671265;27,67;1656,91;1669,78
Hannover;2019;12;914;2481,95;90,64;697,79;108,47;470,93;2,09;974,79;177,70;471841;9,74;1202,23;713,45
Hamburg;2019;12;3120;9158,84;280,64;2721,36;331,36;2084,92;4,76;2386,78;1045,01;794522;44,84;3457,52;1508,19
Berlin;2019;12;3525;19449,68;513,74;5965,70;428,94;5030,49;13,89;2524,16;1918,63;409517;107,74;5416,59;4469,14
Stuttgart;2020;1;700;745,55;3,31;363,81;73,38;884,33;2,24;805,88;367,62;102084;12,18;587,00;505,90
Frankfurt;2020;1;239;1496,10;24,01;578,60;61,89;629,56;1,59;844,60;308,64;98000;30,40;618,95;526,26
Hannover;2020;1;16;1220,14;24,64;315,03;52,31;689,95;1,22;443,56;296,45;54046;18,92;661,41;382,88
Hamburg;2020;1;1708;1891,75;45,43;942,98;237,75;1738,23;2,10;1911,54;727,05;321104;42,46;1945,02;975,42
Berlin;2020;1;707;6656,96;298,77;2219,86;468,10;5622,21;5,13;3931,81;1392,94;151316;82,73;4086,99;1829,57
Stuttgart;2020;2;1232;1378,02;41,20;161,14;75,71;816,80;1,71;626,34;257,35;222365;18,61;486,16;273,98
Frankfurt;2020;2;362;1334,33;63,41;642,29;119,15;1108,67;2,31;837,51;103,07;88646;32,04;744,37;467,93
Hannover;2020;2;421;924,48;18,70;16,88;62,21;614,08;1,19;402,22;221,68;254479;16,65;437,52;376,92
Hamburg;2020;2;1122;571,53;216,41;138,91;206,86;2531,46;5,14;1387,60;949,20;63177;69,03;1120,24;1320,82
Berlin;2020;2;414;6843,19;303,67;1709,16;265,77;5576,46;13,07;3243,82;2415,73;78896;138,42;3748,57;2446,78
Stuttgart;2020;3;9;16,22;0,75;0,26;17,22;139,43;0,44;164,91;66,91;610;0,13;163,98;90,41
Frankfurt;2020;3;3;19,56;1,12;12,44;17,21;56,33;1,50;185,84;116,12;3501;7,68;192,62;133,12
Hannover;2020;3;9;17,87;0,15;7,62;21,22;43,57;1,38;118,98;104,63;2279;3,60;71,16;128,06
Hamburg;2020;3;3;27,96;2,36;15,78;53,18;199,12;0,00;955,50;10,41;2294;15,19;464,86;195,83
Berlin;2020;3;4;145,41;0,42;14,94;54,58;172,12;1,37;1058,11;117,06;5906;13,69;719,89;422,16
Stuttgart;2020;4;25;20,72;0,19;4,10;17,31;41,82;0,72;82,57;148,92;8568;5,10;163,08;68,59
Frankfurt;2020;4;9;30,42;0,75;15,13;7,60;329,36;1,26;540,25;221,90;7395;4,75;37,09;186,36
Hannover;2020;4;2;11,32;0,62;2,96;17,27;24,60;0,17;72,19;140,29;1903;0,14;90,88;150,44
Hamburg;2020;4;9;20,78;1,39;22,75;11,33;358,35;2,14;670,84;498,82;2444;10,62;230,42;303,18
Berlin;2020;4;10;55,30;0,19;45,76;57,91;199,29;2,62;1538,23;1385,57;4631;36,72;387,94;364,04
Stuttgart;2020;5;20;22,03;0,90;9,09;24,61;116,13;0,65;337,88;187,24;2077;4,98;174,64;90,10
Frankfurt;2020;5;11;27,28;1,36;7,06;11,12;88,09;1,04;276,29;169,65;586;1,90;206,76;79,22
Hannover;2020;5;6;0,57;0,40;4,27;0,55;129,56;0,08;383,72;62,28;934;1,63;125,98;36,43
Hamburg;2020;5;28;40,33;2,25;7,40;11,09;453,33;2,05;2144,12;662,43;4686;14,54;194,98;71,30
Berlin;2020;5;10;93,67;2,31;33,55;48,00;1318,91;3,70;1829,25;35,62;3182;3,98;428,37;322,78
Stuttgart;2020;6;27;21,96;0,01;3,74;7,52;129,37;0,27;525,22;18,75;4090;8,17;113,51;107,22
Frankfurt;2020;6;1;24,78;0,88;4,01;17,55;58,61;1,39;169,74;194,07;1101;10,15;143,12;145,51
Hannover;2020;6;10;3,62;0,51;4,28;5,01;29,02;0,54;99,65;3,47;12;0,49;118,16;25,57
Hamburg;2020;6;22;70,93;1,81;27,91;23,79;190,14;0,92;798,13;275,56;4072;1,52;339,42;109,00
Berlin;2020;6;12;35,12;2,57;36,07;76,60;110,08;3,00;1429,68;1145,95;5048;45,17;704,95;527,11
Stuttgart;2020;7;75;191,53;2,09;27,47;9,46;165,54;0,55;173,27;40,03;27303;0,65;146,91;69,56
Frankfurt;2020;7;38;7,51;4,36;24,91;23,76;103,40;0,05;174,73;241,11;10845;3,00;42,94;163,17
Hannover;2020;7;58;74,24;3,30;1,31;21,27;35,70;0,14;125,32;173,16;19113;0,95;178,53;68,77
Hamburg;2020;7;47;372,98;6,48;39,36;56,98;10,54;2,00;1283,70;429,77;13887;10,81;436,38;95,58
Berlin;2020;7;25;296,21;12,92;80,73;146,45;1085,63;4,80;1549,34;174,91;22097;24,32;786,16;615,32
Stuttgart;2020;8;139;141,71;5,46;5,82;18,16;142,97;0,07;464,42;278,21;21278;10,99;106,73;88,57
Frankfurt;2020;8;37;63,61;1,56;8,42;0,90;229,73;1,54;163,19;214,17;7991;0,46;129,56;138,40
Hannover;2020;8;8;110,99;1,10;4,93;11,17;169,52;0,99;37,26;86,88;9512;7,07;81,93;116,75
Hamburg;2020;8;88;124,54;10,48;90,89;34,44;401,01;2,79;1089,64;236,20;26416;41,17;602,83;182,12
Berlin;2020;8;86;984,68;29,69;173,12;138,75;1240,48;6,40;634,02;629,28;3601;100,88;734,58;427,31
Stuttgart;2020;9;93;56,68;3,39;16,89;6,82;15,35;0,83;421,22;16,74;38633;13,28;143,34;157,03
Frankfurt;2020;9;68;39,38;6,31;51,39;2,53;294,69;1,35;232,89;262,95;24743;19,59;185,44;89,17
Hannover;2020;9;37;64,03;1,60;36,35;22,98;193,45;0,27;328,69;157,53;6034;6,44;104,10;69,72
Hamburg;2020;9;135;328,69;8,27;39,71;14,93;430,58;0,60;876,08;354,47;16763;21,74;299,21;94,94
Berlin;2020;9;48;837,71;27,27;81,70;117,78;251,24;5,00;2515,84;746,75;1174;96,07;353,12;522,38
Stuttgart;2020;10;95;127,30;6,41;5,48;6,18;112,28;1,74;443,30;215,01;9758;21,66;210,61;170,67
Frankfurt;2020;10;24;43,35;4,14;14,75;31,56;139,94;1,29;551,96;179,59;2750;21,98;348,16;139,70
Hannover;2020;10;12;60,14;5,73;14,93;4,36;74,49;1,60;474,81;362,02;617;23,33;196,03;191,94
Hamburg;2020;10;117;243,79;10,02;113,32;25,14;289,09;2,98;1500,63;823,56;41544;44,79;829,82;308,50
Berlin;2020;10;14;365,36;25,96;208,34;78,28;876,41;5,85;2446,89;1362,92;15762;123,74;2098,48;1103,55
Stuttgart;2020;11;99;10,32;3,98;36,57;22,30;128,56;1,50;637,95;180,43;4613;13,53;201,91;223,99
Frankfurt;2020;11;30;76,94;4,79;59,37;10,34;9,02;2,45;628,71;241,27;24471;16,84;244,34;293,48
Hannover;2020;11;23;20,40;4,13;3,50;0,73;159,85;2,31;359,10;181,09;13634;13,20;234,54;251,63
Hamburg;2020;11;37;234,05;7,57;66,76;38,28;822,54;4,16;1605,17;611,27;17491;25,18;737,58;340,28
Berlin;2020;11;58;87,54;27,86;111,00;66,51;157,36;8,58;2575,00;1457,79;4515;153,77;1306,55;1167,25
Stuttgart;2020;12;159;44,09;4,70;24,38;15,63;138,78;1,50;574,99;396,01;22210;23,99;274,37;169,38
Frankfurt;2020;12;45;123,15;1,17;4,91;4,71;94,94;2,15;843,94;257,34;1371;24,99;323,33;298,80
Hannover;2020;12;25;15,50;2,56;30,84;15,32;185,88;1,18;423,18;331,24;3993;12,77;183,90;83,74
Hamburg;2020;12;84;443,11;9,45;106,73;36,75;75,39;4,34;1592,48;1101,57;29693;38,33;825,35;312,77
Berlin;2020;12;33;780,98;17,27;187,39;31,34;135,63;11,26;3327,67;1901,26;25063;157,48;1309,78;963,05
Stuttgart;2021;1;1034;634,88;20,75;412,37;45,53;8,30;1,59;355,76;348,48;135475;17,55;504,28;321,21
Frankfurt;2021;1;12;909,28;11,15;73,11;26,26;128,77;1,89;853,74;266,98;276180;18,39;567,83;536,77
Hannover;2021;1;537;301,53;42,85;193,14;39,05;227,15;1,59;674,46;441,59;103033;15,69;462,93;349,90
Hamburg;2021;1;1141;2360,22;112,10;411,97;132,65;629,55;3,05;1808,17;557,82;373973;40,49;641,81;991,22
Berlin;2021;1;253;22228,12;77,14;1811,63;183,31;1954,83;11,09;2851,79;932,42;250041;65,20;5760,13;4999,40
Stuttgart;2021;2;126;1496,76;7,96;27,15;38,01;183,18;1,41;736,46;382,27;6313;17,68;678,47;433,85
Frankfurt;2021;2;18;321,80;41,80;296,61;36,85;280,16;2,27;993,33;200,23;99279;20,99;536,01;446,18
Hannover;2021;2;243;121,24;35,41;251,43;39,49;196,68;1,55;659,90;207,45;29793;14,64;483,49;443,29
Hamburg;2021;2;271;4591,23;108,50;619,57;33,59;1260,70;5,30;3253,18;787,20;349403;52,05;1248,42;950,47
Berlin;2021;2;644;21839,07;98,13;1546,70;99,24;2288,38;9,90;2981,34;2095,02;53492;60,46;6420,93;4999,07
Stuttgart;2021;3;141;850,15;1,21;206,89;49,15;508,64;1,73;990,50;376,62;376136;11,02;509,86;306,55
Frankfurt;2021;3;529;1439,07;43,03;103,52;18,01;141,54;0,94;920,98;511,95;233842;22,48;725,87;687,88
Hannover;2021;3;330;312,42;37,05;168,27;21,95;198,55;0,67;473,36;179,50;208081;7,85;581,09;265,59
Hamburg;2021;3;346;4075,40;40,68;1098,90;106,24;356,15;5,14;1658,84;516,09;151978;51,93;1189,06;470,53
Berlin;2021;3;614;19957,13;60,79;1585,81;26,69;1552,64;7,00;3562,33;1049,46;106058;101,58;6618,45;5141,03
Stuttgart;2021;4;25;462,33;36,05;233,61;8,19;278,18;1,93;519,44;217,59;326651;10,28;572,44;313,19
Frankfurt;2021;4;58;1569,53;73,62;302,65;36,13;252,76;2,67;489,09;234,12;105605;13,28;734,16;411,36
Hannover;2021;4;519;906,83;9,54;24,79;24,53;324,97;1,26;346,62;322,38;56705;14,80;337,40;415,99
Hamburg;2021;4;752;4751,46;30,76;1688,92;23,41;898,79;4,28;2362,32;764,34;123877;24,28;939,65;424,44
Berlin;2021;4;824;24539,15;411,19;497,35;255,25;743,48;8,96;3612,00;1060,40;245734;47,77;7788,24;5254,36
Stuttgart;2021;5;592;942,82;15,73;337,22;48,88;50,98;0,97;515,72;258,38;149883;17,00;462,48;335,42
Frankfurt;2021;5;47;1575,90;31,60;551,59;29,53;75,46;2,23;1080,85;776,39;128574;12,43;559,03;509,17
Hannover;2021;5;141;512,67;27,74;206,93;20,01;151,67;1,18;477,55;250,50;89027;8,84;322,51;327,79
Hamburg;2021;5;1097;5822,47;87,48;178,56;46,89;670,70;2,67;1699,31;712,66;163897;33,13;826,84;596,94
Berlin;2021;5;300;30289,18;84,08;985,79;43,45;2493,63;9,42;3514,46;2596,44;141528;100,53;6665,10;4567,46
Stuttgart;2021;6;1558;862,91;11,13;437,83;41,95;76,99;1,03;656,91;287,68;112860;14,24;441,08;392,89
Frankfurt;2021;6;237;2330,19;29,39;329,01;39,21;284,03;2,67;697,01;249,33;109675;13,84;572,87;790,98
Hannover;2021;6;233;526,27;1,92;67,00;5,52;186,75;2,30;313,38;236,63;135951;10,49;373,14;426,23
Hamburg;2021;6;1615;2186,90;115,33;1175,14;64,26;817,92;5,73;1873,24;763,57;247216;15,77;1662,73;833,75
Berlin;2021;6;507;21789,86;273,89;298,85;131,87;1755,02;6,18;3354,96;2212,00;185638;56,22;4802,05;4573,79
Stuttgart;2021;7;49;706,29;26,63;110,19;11,59;394,77;0,94;719,66;362,41;73548;13,38;551,72;566,24
Frankfurt;2021;7;247;68,35;55,51;151,46;33,43;325,25;1,88;604,46;211,11;44123;18,18;654,97;811,60
Hannover;2021;7;316;122,45;2,88;192,00;22,17;323,89;1,49;481,59;284,67;22330;14,47;246,58;293,35
Hamburg;2021;7;1713;3066,36;104,78;1064,86;57,60;262,64;3,97;2405,79;1094,18;262005;50,58;1888,60;836,32
Berlin;2021;7;936;21693,92;94,73;2181,58;3,35;1723,33;11,34;3701,77;1365,92;65354;53,55;6609,26;6165,39
Stuttgart;2021;8;1489;914,43;3,15;231,82;33,28;216,47;1,32;977,67;203,39;63357;9,83;454,06;253,24
Frankfurt;2021;8;684;1199,11;3,45;245,20;40,72;561,91;2,45;744,81;484,10;207254;12,70;559,37;639,67
Hannover;2021;8;371;548,06;0,70;19,49;34,27;47,40;1,94;447,86;271,71;146034;18,33;530,33;288,24
Hamburg;2021;8;1093;1781,07;188,74;718,37;3,22;943,45;3,36;2550,14;1049,01;125553;70,82;813,98;1174,10
Berlin;2021;8;506;22668,61;263,81;1061,51;157,15;1696,66;4,57;4288,27;1407,12;90894;62,91;5429,96;5416,56
Stuttgart;2021;9;86;315,07;12,61;194,97;20,61;184,69;1,44;587,97;241,45;82412;24,90;610,64;380,58
Frankfurt;2021;9;741;795,72;28,60;256,14;62,67;556,46;2,07;732,10;789,49;337450;15,47;680,45;551,66
Hannover;2021;9;463;767,77;1,96;159,23;13,25;257,43;0,90;479,67;410,96;243285;14,15;294,07;324,74
Hamburg;2021;9;1515;452,19;28,25;785,81;52,51;1392,39;4,27;1379,38;728,46;383383;59,39;884,61;533,82
Berlin;2021;9;673;17907,46;256,42;1537,89;224,82;895,66;10,87;2996,35;2013,81;130012;134,12;6525,12;4795,95
Stuttgart;2021;10;696;351,08;40,13;141,23;7,14;275,99;1,60;546,80;230,36;362261;22,26;610,51;588,86
Frankfurt;2021;10;558;257,88;3,13;151,93;35,52;502,03;2,58;1045,05;332,23;83597;13,54;590,13;588,09
Hannover;2021;10;401;442,00;14,51;218,89;42,96;324,08;1,54;409,94;219,40;187888;9,52;519,23;563,90
Hamburg;2021;10;47;481,41;77,41;1009,22;40,97;1183,03;3,47;2679,14;579,05;462813;31,05;1822,01;397,62
Berlin;2021;10;537;25046,47;222,91;348,29;281,24;2234,21;11,93;2916,91;1367,13;79933;53,85;6674,44;4265,73
Stuttgart;2021;11;1193;776,34;6,07;312,20;15,49;58,71;2,10;393,26;295,51;37754;20,11;304,62;306,25
Frankfurt;2021;11;340;315,79;17,82;195,27;48,24;199,61;1,33;946,83;196,68;15109;19,67;780,53;847,57
Hannover;2021;11;501;1456,55;25,73;271,33;9,69;240,19;0,77;675,26;258,53;147749;11,82;289,02;252,67
Hamburg;2021;11;33;1204,97;101,43;39,99;63,90;521,02;5,09;1822,04;1040,70;36287;40,14;1712,32;953,33
Berlin;2021;11;85;26984,64;284,49;1624,98;124,06;886,39;7,39;2631,93;2342,02;229759;70,75;4858,51;6104,45
Stuttgart;2021;12;824;533,20;58,64;57,49;2,86;4,34;1,50;894,72;248,36;150840;19,47;453,56;332,07
Frankfurt;2021;12;594;552,63;45,59;132,09;31,64;609,22;1,32;877,24;426,01;90464;17,28;688,70;484,03
Hannover;2021;12;289;721,54;18,03;115,57;14,57;304,50;0,69;413,88;215,07;132822;16,46;378,22;287,91
Hamburg;2021;12;981;995,22;56,85;5,07;122,25;53,48;5,80;838,30;696,09;406117;20,51;1685,01;489,59
Berlin;2021;12;74;22204,93;177,49;2506,67;130,03;914,80;5,27;3507,00;1338,28;43512;82,30;6257,18;4780,45
Stuttgart;2022;1;1582;860,15;88,18;382,51;53,83;65,85;1,39;670,57;262,24;342813;11,63;705,54;592,27
Frankfurt;2022;1;613;2124,64;68,85;893,75;73,28;25,37;1,96;1303,87;340,18;386149;13,32;797,41;968,44
Hannover;2022;1;753;1001,42;51,18;179,46;53,76;64,13;1,20;313,07;256,07;390001;17,86;749,41;523,21
Hamburg;2022;1;1721;2264,69;111,88;785,33;240,93;185,34;2,52;2000,35;1055,80;302915;36,38;2442,56;723,52
Berlin;2022;1;832;7087,65;240,74;7885,19;345,46;293,09;6,57;3313,29;2486,02;907190;50,04;3605,53;3132,41
Stuttgart;2022;2;1614;1009,23;103,36;594,16;86,07;71,89;1,95;524,23;197,17;628555;9,66;846,58;1114,59
Frankfurt;2022;2;699;1897,17;71,32;335,98;40,99;19,51;1,11;893,23;395,32;471770;15,09;1130,62;1136,35
Hannover;2022;2;894;1524,14;88,05;390,21;45,04;15,76;1,51;754,85;354,75;327836;19,31;679,35;501,59
Hamburg;2022;2;2910;5568,58;256,28;1034,84;351,81;54,63;3,04;1694,90;802,50;557187;37,36;1625,82;1288,03
Berlin;2022;2;740;10249,48;526,16;7944,46;262,71;354,30;7,51;2925,98;1386,59;1202273;127,07;5823,42;4537,62
Stuttgart;2022;3;1481;1913,67;99,36;340,17;58,72;696,89;1,02;1139,34;296,98;430033;21,74;939,92;747,85
Frankfurt;2022;3;539;1650,20;152,58;547,76;114,01;671,69;1,60;1108,00;645,36;359160;27,85;1527,54;670,43
Hannover;2022;3;615;2220,97;61,08;550,89;80,44;291,40;1,04;424,58;133,55;275843;14,20;757,99;593,85
Hamburg;2022;3;3193;6207,15;154,53;1446,42;308,57;1141,29;3,99;1144,21;843,30;1028834;42,23;2936,55;1751,43
Berlin;2022;3;1123;10959,29;334,83;8193,95;393,12;2818,73;6,08;4712,99;2021,56;1009141;131,37;5899,77;4373,82
Stuttgart;2022;4;1140;1600,84;44,22;380,51;76,54;513,90;1,17;681,44;424,64;543242;19,56;1382,00;919,50
Frankfurt;2022;4;480;3222,06;92,78;705,50;106,13;642,00;2,54;1556,76;335,13;508506;33,44;791,18;932,85
Hannover;2022;4;566;1960,66;38,85;449,66;36,75;384,93;1,44;552,66;378,03;405763;19,86;713,19;778,91
Hamburg;2022;4;1484;6687,53;153,54;1383,59;226,43;1006,22;2,83;1583,34;881,43;357128;48,00;2791,74;1079,01
Berlin;2022;4;1218;11561,13;315,78;9709,96;356,81;3564,78;6,55;5113,37;2011,96;873703;117,42;4642,68;4704,55
Stuttgart;2022;5;1603;2693,55;58,32;476,58;42,55;262,20;1,12;446,37;338,72;560330;21,90;630,05;822,63
Frankfurt;2022;5;560;3528,95;58,82;449,23;57,20;612,62;2,37;888,54;264,12;471107;26,70;934,16;1266,68
Hannover;2022;5;619;959,59;71,26;577,67;31,91;669,77;1,53;841,35;188,14;418306;10,18;854,59;769,27
Hamburg;2022;5;1436;4049,08;317,40;1702,59;173,00;1131,22;5,48;2081,40;609,56;310552;72,47;1950,25;998,40
Berlin;2022;5;742;6554,71;558,77;7732,02;445,38;3777,24;10,62;3619,91;1435,24;895583;129,89;7219,02;5559,92
Stuttgart;2022;6;1200;1153,00;105,09;452,39;33,09;348,07;1,03;527,15;216,12;707481;11,50;939,89;595,50
Frankfurt;2022;6;1036;1399,43;90,70;985,12;82,06;823,72;2,88;886,09;357,16;459446;19,22;1255,99;1504,10
Hannover;2022;6;1018;1714,88;70,39;716,98;43,24;307,14;1,80;617,18;238,27;157446;10,40;771,00;654,94
Hamburg;2022;6;1893;5988,31;253,32;1728,45;196,22;1658,15;3,47;971,91;1176,22;616113;49,80;3088,16;1029,39
Berlin;2022;6;979;11319,84;486,07;8423,98;348,74;2122,23;8,20;4147,82;961,99;1183805;123,15;6158,01;5710,64
Stuttgart;2022;7;1750;1659,84;68,00;633,33;72,21;355,56;2,24;683,11;247,58;486052;11,99;924,71;863,88
Frankfurt;2022;7;722;1477,46;129,88;598,95;42,64;517,63;2,29;672,63;241,36;481524;10,14;1255,30;1098,13
Hannover;2022;7;575;1188,86;28,52;400,68;35,12;368,70;1,52;555,11;224,48;371001;12,94;580,70;801,16
Hamburg;2022;7;2040;8717,56;196,41;2230,16;178,34;2048,48;6,08;1581,73;1042,58;666909;88,30;2871,85;1574,17
Berlin;2022;7;762;11707,12;349,39;9883,13;414,39;4461,91;5,29;5925,63;2529,90;946122;66,16;6599,76;5281,93
Stuttgart;2022;8;1129;1804,22;97,09;612,62;53,84;394,60;1,12;502,19;414,84;528620;12,94;978,44;685,60
Frankfurt;2022;8;499;1355,64;134,71;709,31;67,07;839,09;1,47;904,66;252,25;396290;22,72;1186,37;1026,18
Hannover;2022;8;746;1506,72;67,52;503,14;38,27;619,21;1,14;623,34;289,00;187827;16,41;803,17;683,79
Hamburg;2022;8;2696;3803,55;168,76;2374,60;97,35;1414,70;4,80;1461,89;985,22;411287;47,43;2842,93;1029,44
Berlin;2022;8;994;10590,62;743,00;8164,62;326,88;4024,07;12,15;2735,12;1741,54;1036595;62,26;5954,02;3913,36
Stuttgart;2022;9;1906;1037,23;47,93;354,37;78,25;753,50;1,91;515,01;189,37;646171;26,47;1105,94;918,46
Frankfurt;2022;9;893;2785,35;90,02;469,13;71,40;859,75;2,75;618,55;209,95;329155;28,20;767,13;1476,84
Hannover;2022;9;625;1254,93;65,14;425,95;60,76;608,31;1,68;398,12;243,17;230971;19,06;910,17;563,41
Hamburg;2022;9;1353;3972,53;158,59;1718,78;130,76;1910,53;2,89;965,78;1057,73;322402;44,29;2125,88;1071,75
Berlin;2022;9;1439;5371,14;473,21;7661,57;197,14;2782,64;12,76;4013,22;1530,41;976348;105,11;6295,29;5293,29
Stuttgart;2022;10;1772;1114,64;52,37;491,67;67,29;502,89;1,36;577,98;273,66;624108;8,88;730,21;1084,93
Frankfurt;2022;10;605;2504,96;118,49;866,00;88,14;710,95;3,15;1175,56;258,60;414660;13,33;1304,30;1116,39
Hannover;2022;10;547;1187,28;44,67;422,60;46,47;243,88;0,99;465,41;293,04;244813;14,40;739,91;828,65
Hamburg;2022;10;1908;9699,03;198,94;1281,61;202,17;2273,65;5,68;1299,52;570,90;662696;29,84;2179,45;993,32
Berlin;2022;10;1622;11861,45;337,53;6555,41;284,31;5045,67;10,21;3200,64;1538,41;1312378;146,25;5721,10;3803,78
Stuttgart;2022;11;1253;2618,67;85,44;251,28;45,73;691,54;1,75;1030,36;423,36;359731;12,71;741,93;1013,64
Frankfurt;2022;11;1225;2219,57;68,39;325,20;86,54;444,87;1,55;485,54;296,70;237457;27,09;959,71;1090,06
Hannover;2022;11;980;1039,51;42,95;382,69;54,10;516,61;1,52;524,59;166,24;310617;21,17;564,18;607,39
Hamburg;2022;11;2710;5617,26;258,34;1492,72;181,32;1834,48;3,51;1763,59;933,09;590673;30,88;2118,41;825,51
Berlin;2022;11;1487;13674,45;696,14;7779,08;383,38;3512,99;8,41;2373,02;1316,44;1020364;87,65;4686,74;4753,95
Stuttgart;2022;12;1490;1222,78;43,94;558,00;58,44;674,93;1,34;653,42;259,56;650077;13,21;755,64;1178,80
Frankfurt;2022;12;435;2929,05;123,95;1041,74;62,13;700,65;1,51;939,16;458,19;479515;10,66;1223,23;1082,77
Hannover;2022;12;546;1105,18;72,56;248,88;32,26;318,95;1,49;630,51;187,33;202492;9,84;801,43;734,36
Hamburg;2022;12;1357;9374,83;221,63;1883,24;160,04;2234,05;5,74;3090,94;828,01;341148;39,22;2334,16;907,43
Berlin;2022;12;1014;9596,51;395,59;7361,70;486,75;2524,29;8,32;2008,10;1850,40;1178892;159,31;6931,62;4810,70
Stuttgart;2023;1;4850;7155,76;221,73;1876,84;169,32;1843,56;5,18;1852,37;803,99;1493895;28,94;2256,75;1977,99
Frankfurt;2023;1;1938;6800,70;276,79;1924,51;201,87;2412,05;4,90;2206,61;1365,29;1093263;32,28;3935,04;3204,48
Hannover;2023;1;2082;4214,17;149,02;1334,51;130,45;1385,10;3,03;1455,29;676,24;667086;13,69;2109,95;1682,89
Hamburg;2023;1;4859;16422,40;804,01;5740,73;325,44;4600,32;14,33;5838,69;2699,46;1575879;68,50;7231,18;3671,94
Berlin;2023;1;3394;28810,87;1129,27;7367,18;1093,31;7904,55;26,38;14146,34;4716,16;1006815;74,59;17427,50;8961,08
Stuttgart;2023;2;5597;6387,21;227,62;1945,65;139,03;1749,62;3,70;1701,78;757,60;1597349;19,95;2615,15;2647,44
Frankfurt;2023;2;2855;7370,96;261,29;1929,88;190,08;2179,99;6,19;2674,81;571,22;1166139;13,53;2952,26;2064,66
Hannover;2023;2;1948;5171,76;147,84;1377,96;136,59;1353,11;3,19;1621,80;901,94;931060;9,49;2658,90;1964,29
Hamburg;2023;2;4975;16882,21;627,84;4312,43;572,20;3303,53;15,63;7450,74;2780,44;2037599;48,52;7712,34;2619,98
Berlin;2023;2;3031;35040,69;918,70;9386,88;954,51;10103,38;28,82;8454,12;3991,90;1090036;85,38;15212,76;9808,36
Stuttgart;2023;3;6353;5377,23;202,12;2037,15;153,47;1564,64;4,19;1813,21;666,37;1366906;14,30;2598,44;2726,68
Frankfurt;2023;3;2398;7968,78;301,03;2187,63;267,66;1878,72;6,30;1715,17;1041,21;1270578;12,04;3028,48;3311,22
Hannover;2023;3;2176;5439,30;214,06;1552,80;159,42;1147,11;4,05;1984,74;831,57;1073085;15,16;2696,56;1994,18
Hamburg;2023;3;3886;16025,30;375,62;4404,05;524,42;6288,06;14,63;3791,45;2281,17;1978505;35,64;5175,14;4751,92
Berlin;2023;3;2962;33125,01;871,20;8438,72;1178,89;10411,59;25,84;10644,45;5298,68;945441;142,84;14533,21;10111,42
Stuttgart;2023;4;5375;8141,53;211,57;1404,11;207,71;1966,19;4,45;1711,51;814,24;1871333;27,66;3322,74;3072,73
Frankfurt;2023;4;2437;7309,48;315,35;2224,11;206,36;2493,25;4,75;2574,52;1887,80;1283581;11,58;4510,52;5105,92
Hannover;2023;4;1639;5385,31;216,13;1671,78;138,43;1213,86;2,89;2106,91;973,76;871614;6,52;2470,71;2396,60
Hamburg;2023;4;6332;18669,74;624,42;3891,42;234,80;6519,71;16,53;5664,58;2493,35;1695952;59,58;6480,94;3042,78
Berlin;2023;4;3056;31355,04;1337,50;6446,88;1269,21;9484,81;28,89;10428,40;5062,08;946498;101,77;12079,46;9760,01
Stuttgart;2023;5;5528;3919,40;227,39;1686,66;160,42;1607,18;4,44;1409,40;1063,63;1786094;22,90;2228,96;1250,13
Frankfurt;2023;5;2299;6761,03;305,91;2149,47;197,14;2232,27;5,59;1896,20;1585,66;1538015;12,54;3157,70;3531,86
Hannover;2023;5;1512;5126,29;154,83;1701,83;167,69;1908,56;4,46;1117,23;617,47;602352;17,53;2282,25;1794,00
Hamburg;2023;5;6006;22185,78;524,37;5716,20;573,66;7300,82;9,63;6006,18;2508,94;2122227;35,49;9320,49;4154,93
Berlin;2023;5;2499;29770,39;1324,36;9791,31;856,86;8058,62;22,13;11546,14;4924,55;975961;121,98;14114,39;10708,13
Stuttgart;2023;6;4030;4995,55;194,62;1272,45;191,35;1732,34;3,90;1930,44;877,71;1607124;8,69;2822,54;1462,59
Frankfurt;2023;6;2070;5903,53;357,21;1918,24;147,92;2064,45;4,76;1924,22;929,25;1366105;15,48;3511,39;3825,09
Hannover;2023;6;1935;3369,89;130,21;1263,98;149,74;1433,15;4,12;1812,19;808,40;886149;17,09;2066,33;2132,52
Hamburg;2023;6;4516;17238,99;531,28;6238,40;490,79;4734,03;17,29;7735,59;2517,95;2055161;36,04;5935,37;2771,75
Berlin;2023;6;3721;27751,66;1436,28;11611,21;1012,73;10557,53;26,80;11206,03;4875,65;928774;131,90;14150,03;9614,84
Stuttgart;2023;7;5788;6032,33;209,20;1527,76;145,94;1661,08;4,90;2005,12;866,15;1492744;49,41;2212,20;1551,05
Frankfurt;2023;7;1974;8578,51;286,11;2186,34;193,61;2129,53;5,85;2240,53;1103,47;1444617;33,95;3762,24;5277,00
Hannover;2023;7;2545;4945,63;205,95;1228,74;167,09;1265,12;3,09;1516,72;664,39;1183180;29,06;2072,80;2017,51
Hamburg;2023;7;3614;17203,36;406,98;5649,32;392,28;3185,82;19,04;5213,49;2018,53;1568662;99,81;9525,34;3597,83
Berlin;2023;7;3123;27240,70;1575,29;10520,36;1120,00;7619,96;27,31;10624,05;5679,37;1254020;206,09;13222,01;12078,59
Stuttgart;2023;8;6569;5386,94;208,56;1463,05;207,79;1532,31;5,68;1346,02;712,43;1290161;33,74;2614,23;3069,72
Frankfurt;2023;8;2189;6932,40;317,22;2082,25;180,47;1925,15;4,68;3411,16;1349,55;932822;47,97;3653,30;2912,82
Hannover;2023;8;2151;4219,07;202,80;995,92;147,59;1665,95;4,01;952,29;813,86;630751;38,12;2109,44;1938,11
Hamburg;2023;8;5843;19207,58;645,14;3648,04;202,12;7072,21;15,53;6677,87;3171,18;2559534;129,73;6567,88;4593,79
Berlin;2023;8;2781;29737,22;1093,15;9744,00;1115,23;13355,78;24,33;7344,96;4499,27;1001458;241,37;12263,44;11151,33
Stuttgart;2023;9;4047;5573,03;223,15;2175,63;166,85;1790,58;4,86;2164,88;1017,96;1686983;26,34;2808,33;1974,12
Frankfurt;2023;9;1857;9039,48;296,92;2278,35;252,14;1839,41;4,80;1157,36;1346,92;1067521;44,31;3379,02;2891,05
Hannover;2023;9;1852;5405,30;190,00;1011,64;120,57;1635,19;4,66;1438,91;1034,77;801105;35,73;2242,14;2041,30
Hamburg;2023;9;4336;12351,64;715,47;5386,24;840,60;4550,61;10,00;8290,96;2330,84;1528527;60,35;6474,52;3290,02
Berlin;2023;9;3728;28647,58;1346,21;8425,56;1039,33;10997,68;30,84;9250,81;4524,22;1078838;196,92;13087,13;10591,52
Stuttgart;2023;10;3390;5767,30;235,46;1846,20;178,34;1840,49;5,40;2007,25;827,50;1521858;29,44;2959,74;2183,10
Frankfurt;2023;10;2354;5058,18;297,59;2911,20;179,84;2058,96;6,50;2248,86;276,54;1280669;55,57;2906,47;2083,06
Hannover;2023;10;1985;4582,45;110,32;1113,29;124,01;1420,56;3,50;1780,01;583,67;938189;29,09;2076,49;2059,65
Hamburg;2023;10;7705;14245,71;815,84;7497,16;364,97;2534,92;14,03;4936,67;2669,70;2028142;74,75;7524,89;4061,84
Berlin;2023;10;2897;32656,96;1456,21;12105,86;1095,04;10197,32;24,07;11579,70;4962,99;1061993;250,52;10859,62;9269,15
Stuttgart;2023;11;4533;4237,46;205,37;1538,19;188,22;1461,32;3,58;1779,24;963,99;1714610;37,10;3099,72;1630,81
Frankfurt;2023;11;3300;5371,30;318,45;1996,38;195,03;1827,25;5,42;1535,03;653,14;1477557;46,82;3093,93;3719,17
Hannover;2023;11;2253;4653,10;209,83;1195,75;144,03;1410,25;2,16;1840,54;691,91;665450;43,50;2561,50;2140,58
Hamburg;2023;11;6010;14190,40;432,10;5127,10;512,68;3328,08;10,92;5424,30;3481,99;1542836;143,71;8578,08;3832,07
Berlin;2023;11;3542;34554,72;1133,79;8148,04;824,16;8025,32;29,26;11716,04;4323,12;924832;236,22;13897,15;11525,40
Stuttgart;2023;12;5440;5852,18;177,51;1539,13;206,99;1715,14;4,32;1635,08;863,92;1401444;37,99;3012,90;1572,32
Frankfurt;2023;12;2123;5975,26;279,37;1603,69;159,58;1665,84;5,86;2783,04;1148,47;1138579;60,17;3112,16;2780,92
Hannover;2023;12;2473;4113,23;223,42;1636,16;127,87;1561,89;3,42;1490,32;797,22;696694;34,54;1888,39;1857,39
Hamburg;2023;12;5380;13902,22;472,63;4723,44;569,15;6329,95;15,65;6335,41;2882,15;1787045;70,00;7739,53;4642,62
Berlin;2023;12;3031;27005,97;1380,60;7865,72;783,64;8536,83;26,65;11435,97;3981,58;972464;274,86;14545,81;12127,78
Stuttgart;2024;1;2770;1366,87;66,31;702,73;62,87;512,71;1,33;1141,14;377,17;509900;41,13;1436,70;1040,12
Frankfurt;2024;1;878;2422,83;139,74;689,19;87,01;820,13;2,65;1390,31;762,77;528845;40,65;1486,23;1897,37
Hannover;2024;1;1368;3047,31;64,40;646,21;76,77;538,85;2,98;808,13;188,45;307483;29,11;1504,37;1171,12
Hamburg;2024;1;2819;8219,90;275,67;3328,14;137,62;1730,19;6,47;1783,90;1117,88;927141;75,69;2724,25;1668,00
Berlin;2024;1;2052;22826,79;478,78;5124,20;420,45;2732,81;26,60;4305,88;1749,65;808032;208,78;8406,58;5775,41
Stuttgart;2024;2;2451;1502,90;107,05;992,87;63,05;682,80;2,19;600,98;420,00;513446;46,96;1259,47;1251,63
Frankfurt;2024;2;651;2408,63;104,22;689,16;116,88;689,65;2,84;705,96;419,74;633938;44,60;1242,53;1356,27
Hannover;2024;2;1180;3665,15;76,31;626,42;46,85;626,41;2,57;497,41;263,91;840738;36,14;1037,65;1314,44
Hamburg;2024;2;2833;8216,20;328,71;2947,89;165,24;861,56;3,96;2657,30;1236,18;868170;152,14;3014,36;2478,96
Berlin;2024;2;1649;19341,41;429,75;4664,06;288,08;5393,26;19,36;5469,22;1616,51;713127;206,22;6776,66;6072,35
Stuttgart;2024;3;2784;2290,64;68,33;883,19;98,85;789,88;2,56;1045,32;432,94;689337;34,10;1089,22;1527,56
Frankfurt;2024;3;981;3710,30;87,09;804,51;108,39;709,00;3,32;740,75;253,52;472764;44,06;1348,37;748,61
Hannover;2024;3;1086;3298,55;99,27;761,41;89,38;690,93;4,30;869,73;184,63;807524;38,11;1261,45;1429,20
Hamburg;2024;3;3057;7996,33;411,34;2394,33;190,16;1630,82;10,86;1957,20;1032,33;1005919;174,09;5069,73;1948,53
Berlin;2024;3;1203;24532,64;688,97;3275,30;483,08;2568,10;19,68;3425,08;2424,56;670140;273,45;8846,75;5179,89
Stuttgart;2024;4;1653;2630,14;81,41;605,59;54,40;936,13;1,44;604,59;416,20;590491;38,01;1234,94;958,47
Frankfurt;2024;4;1036;3784,18;162,83;834,30;85,36;1034,48;2,45;895,14;399,87;431358;44,18;1657,25;1574,88
Hannover;2024;4;1208;3518,47;80,90;652,14;69,49;493,78;3,44;623,80;215,53;433028;24,79;1290,44;1124,86
Hamburg;2024;4;1440;10859,32;393,85;2868,10;417,06;2331,69;3,33;2256,86;1169,68;919073;127,90;3656,22;1774,02
Berlin;2024;4;1536;19406,04;479,85;4793,60;252,37;3125,56;23,99;4802,55;1445,22;638749;215,43;8164,78;6528,34
Stuttgart;2024;5;2614;1567,36;90,22;1079,27;78,88;578,34;1,72;1272,83;349,11;423259;42,67;1262,42;1143,25
Frankfurt;2024;5;598;3505,02;140,55;937,98;104,12;1026,61;3,60;1061,68;460,08;633091;58,33;1378,14;1814,07
Hannover;2024;5;1132;3185,91;100,35;607,77;78,58;547,00;3,95;822,07;431,74;726671;40,93;1591,15;864,47
Hamburg;2024;5;1731;5695,58;410,44;1630,22;158,40;1757,05;7,56;1940,63;1235,67;999543;115,42;2823,45;2071,53
Berlin;2024;5;1430;19463,20;615,97;4639,10;381,63;4040,63;24,23;4060,93;1468,99;942676;246,22;9416,20;6338,28
Stuttgart;2024;6;1699;1783,50;129,79;361,31;82,81;615,35;2,09;910,51;309,97;766787;34,81;1068,51;848,83
Frankfurt;2024;6;702;2404,72;96,66;748,92;108,99;938,50;2,63;919,91;690,73;475444;58,33;1920,24;560,15
Hannover;2024;6;919;3787,36;101,09;863,76;76,66;503,83;3,49;921,50;421,22;541871;37,63;1313,22;1102,03
Hamburg;2024;6;2586;4489,79;305,83;3159,31;157,61;2519,54;4,57;3787,25;940,68;1043761;76,91;2431,65;1911,48
Berlin;2024;6;1667;26266,39;461,73;3562,19;412,03;5015,49;17,00;6325,56;1594,52;729412;272,66;9174,95;6977,01
Stuttgart;2024;7;1587;2358,94;99,99;594,83;51,98;702,73;1,90;607,46;517,89;352466;33,17;1192,91;599,53
Frankfurt;2024;7;840;2904,87;165,64;800,56;135,55;717,01;2,97;1059,65;342,51;506423;41,35;1246,67;874,13
Hannover;2024;7;877;3919,47;92,74;641,38;56,23;750,74;2,11;687,82;236,24;899937;26,89;880,98;1269,43
Hamburg;2024;7;2118;8918,09;315,45;396,69;200,04;3998,11;5,70;2038,26;907,73;702908;142,72;2633,43;1496,54
Berlin;2024;7;1779;20689,96;492,34;6048,10;356,46;5002,60;26,61;5620,96;1513,31;704137;235,65;10146,55;5199,58
Stuttgart;2024;8;1295;2128,28;88,88;958,24;85,73;540,58;1,15;611,76;571,93;724911;44,69;1195,81;1042,50
Frankfurt;2024;8;1138;2112,45;108,15;878,50;76,33;1100,44;2,13;1092,26;375,65;678834;64,42;1547,82;1786,71
Hannover;2024;8;983;2803,47;54,31;753,47;68,12;688,80;2,89;877,61;306,28;646376;30,64;1121,40;1148,06
Hamburg;2024;8;2569;8068,09;299,18;1357,43;160,95;2355,86;4,82;2648,64;950,47;575510;106,55;3461,85;2642,54
Berlin;2024;8;1413;21470,90;552,81;3502,71;307,04;3047,05;17,95;4137,39;2229,73;699475;219,26;7405,04;6893,46
Stuttgart;2024;9;1954;3252,45;125,22;721,87;109,47;443,15;1,25;830,30;235,56;936709;38,72;1015,60;1609,31
Frankfurt;2024;9;651;3411,00;167,80;1128,06;103,02;1026,00;2,08;1371,02;541,99;564595;58,08;1468,05;1636,58
Hannover;2024;9;648;3993,06;105,33;676,28;72,55;463,98;2,93;485,81;316,32;802457;26,38;1320,89;1328,39
Hamburg;2024;9;2673;9963,00;180,62;1942,95;119,12;1396,40;4,90;2025,49;1006,89;666394;124,47;2913,60;2081,71
Berlin;2024;9;1744;23604,97;759,83;4210,79;307,40;4889,75;24,30;4448,86;3034,48;899917;206,21;8141,22;5963,53
Stuttgart;2024;10;2558;2685,02;79,87;1200,44;70,08;645,30;2,14;680,50;340,34;773615;42,61;1215,05;1292,93
Frankfurt;2024;10;636;3165,31;113,71;627,60;76,93;757,82;1,81;826,46;916,17;283478;28,09;1233,36;640,00
Hannover;2024;10;1162;3530,08;98,87;675,30;64,17;460,44;3,01;1058,02;325,43;428812;42,57;1309,24;1208,30
Hamburg;2024;10;2894;2901,67;294,77;3858,26;312,17;2118,09;4,62;1310,11;832,44;739293;115,13;3747,47;1731,28
Berlin;2024;10;1409;22660,31;442,28;3523,24;362,73;5322,97;21,16;4476,32;2062,51;590359;254,81;7316,85;5593,29
Stuttgart;2024;11;1587;3179,15;139,45;736,06;76,01;484,10;1,67;1015,89;419,29;478308;34,46;1013,39;1037,65
Frankfurt;2024;11;739;2831,00;123,48;759,46;124,48;579,37;2,34;1057,72;750,15;663840;46,36;1082,25;868,12
Hannover;2024;11;728;2497,22;59,64;401,84;73,11;637,24;2,37;799,76;206,11;654838;45,11;1166,29;1173,50
Hamburg;2024;11;2833;5104,38;246,81;2096,78;139,93;2354,88;7,01;3549,14;846,01;800789;210,39;4523,68;1330,66
Berlin;2024;11;1040;26325,50;610,54;4767,25;523,95;3980,09;26,16;5842,45;2024,03;728843;207,95;6274,67;5606,01
Stuttgart;2024;12;1647;2437,46;97,51;1006,35;48,50;627,07;2,47;987,47;369,75;620858;44,50;794,58;1249,36
Frankfurt;2024;12;995;3443,81;97,90;1216,34;75,10;1121,82;3,38;1218,71;444,09;694948;53,61;936,82;1130,43
Hannover;2024;12;905;2726,40;74,95;416,09;52,66;595,39;3,22;850,18;361,48;559155;39,45;1125,70;931,45
Hamburg;2024;12;1887;4334,63;297,14;1944,74;295,73;1890,16;3,43;3062,03;953,74;815135;139,30;3162,72;1792,56
Berlin;2024;12;1341;22092,10;748,04;3780,29;526,57;3338,83;19,94;5101,00;2124,21;796958;203,60;7505,57;5794,99
